<?xml version="1.0" encoding="UTF-8"?><?xml-model href="http://deliberation.ruleml.org/1.01/relaxng/datalogplus_min_relaxed.rnc"?><?xml-stylesheet type="text/xsl" href="GrailogKSViz.xslt"?><RuleML><Assert mapClosure="universal"><Atom>
<Rel>costSharingEstimator</Rel>
<Ind>89001</Ind>
<Ind>teeth</Ind>
<Ind>350 : Integer</Ind>
<Ind>nil</Ind>
<Ind>saud</Ind>
<Ind>xray</Ind>
<Ind>britishSaudiHospital</Ind>
</Atom>
<Atom>
<Rel>costSharingEstimator</Rel>
<Ind>89001</Ind>
<Ind>teeth</Ind>
<Ind>1350 : Integer</Ind>
<Ind>nil</Ind>
<Ind>saud</Ind>
<Ind>surgery</Ind>
<Ind>britishSaudiHospital</Ind>
</Atom>
<Atom>
<Rel>costSharingEstimator</Rel>
<Ind>89001</Ind>
<Ind>teeth</Ind>
<Ind>1500 : Integer</Ind>
<Ind>nil</Ind>
<Ind>saud</Ind>
<Ind>surgery</Ind>
<Ind>binsinaMedicalCenter</Ind>
</Atom>
<Atom>
<Rel>costSharingEstimator</Rel>
<Ind>89001</Ind>
<Ind>teeth</Ind>
<Ind>350 : Integer</Ind>
<Ind>nil</Ind>
<Ind>saud</Ind>
<Ind>xray</Ind>
<Ind>dallahHospital</Ind>
</Atom>
<Atom>
<Rel>costSharingEstimator</Rel>
<Ind>89001</Ind>
<Ind>teeth</Ind>
<Ind>2000 : Integer</Ind>
<Ind>nil</Ind>
<Ind>saud</Ind>
<Ind>surgery</Ind>
<Ind>dallahHospital</Ind>
</Atom>
<Atom>
<Rel>costSharingEstimator</Rel>
<Ind>89001</Ind>
<Ind>teeth</Ind>
<Ind>1350 : Integer</Ind>
<Ind>nil</Ind>
<Ind>saud</Ind>
<Ind>surgery</Ind>
<Ind>medCareHospital</Ind>
</Atom>
<Atom>
<Rel>costSharingEstimator</Rel>
<Ind>89001</Ind>
<Ind>teeth</Ind>
<Ind>300 : Integer</Ind>
<Ind>nil</Ind>
<Ind>saud</Ind>
<Ind>xray</Ind>
<Ind>saudiGermanHospital</Ind>
</Atom>
</Assert>
</RuleML>

