﻿<?xml version="1.0" encoding="utf-8"?>
<RuleML xmlns:pm ="http://schema.org/ProgramMembership" xmlns:p="http://schema.org/Person" xmlns:c="http://rdfs.org/resume-rdf">
  <Assert>
    <Atom>
      <Rel>client</Rel>
      <Ind iri="pm:membershipNumber">11122</Ind>
      <Ind iri="p:name">ali</Ind>
      <Ind iri="pm:hostingOrganization">tawuniya</Ind>
      <Ind iri="pm:url">http://localhost:90/tawuniya.xml</Ind>      
      <Ind iri="pm:programName">silver</Ind>
      <Ind iri="pm:description">health Insurance mempership</Ind>
    </Atom>
    <Atom>
         <Rel>familyMember</Rel>
         <Ind iri="pm:membershipNumber">11122</Ind>
	 <Ind iri="p:spouse">spouse</Ind>
         <Ind iri="p:gender">female</Ind>
         <Ind iri="p:givenName">dallal</Ind>
         <Ind iri="p:birthDate" type="Integer">1967</Ind>
         <Ind iri="c:maritalStatus">married</Ind>
      </Atom>
     <Atom>
         <Rel>familyMember</Rel>
         <Ind iri="pm:membershipNumber">11122</Ind>
         <Ind iri="p:children">child</Ind>
         <Ind iri="p:gender">male</Ind>
         <Ind iri="p:givenName">saleh</Ind>
         <Ind iri="p:birthDate" type="Integer">1992</Ind>
         <Ind iri="c:maritalStatus">married</Ind>
      </Atom>
     <Atom>
         <Rel>familyMember</Rel>
         <Ind iri="pm:membershipNumber">11122</Ind>
         <Ind iri="p:children">child</Ind>
         <Ind iri="p:gender">female</Ind>
         <Ind iri="p:givenName">sara</Ind>
         <Ind iri="p:birthDate" type="Integer">2003</Ind>
         <Ind iri="c:maritalStatus">unmarried</Ind>
      </Atom>

     <Atom>
         <Rel>familyMember</Rel>
         <Ind iri="pm:membershipNumber">11122</Ind>
         <Ind iri="p:children">child</Ind>
         <Ind iri="p:gender">female</Ind>
         <Ind iri="p:givenName">nourah</Ind>
         <Ind iri="p:birthDate" type="Integer">1990</Ind>
         <Ind iri="c:maritalStatus">married</Ind>
      </Atom>
  </Assert>
</RuleML>