﻿<?xml version="1.0" encoding="utf-8"?>
<RuleML xmlns:pm ="http://schema.org/ProgramMembership" xmlns:p="http://schema.org/Person">
  <Assert>
    <Atom>
      <Rel>client</Rel>
      <Ind iri="pm:membershipNumber">66700</Ind>
      <Ind iri="p:name">saleh</Ind>
      <Ind iri="pm:hostingOrganization">tawuniya</Ind>
      <Ind iri="pm:url">http://localhost:90/tawuniya.xml</Ind>
      <Ind iri="pm:programName">gold</Ind>
      <Ind iri="pm:description">health Insurance mempership</Ind>
    </Atom>
  </Assert>
</RuleML>