﻿<?xml version="1.0" encoding="utf-8"?>
<RuleML xmlns:h="http://schema.org/Hospital" xmlns:m="http://health-lifesci.schema.org/MedicalProcedure">
  <Assert>
    <Atom>
      <Rel>medicalExpenses</Rel>
      <Ind iri="h:provider">dallahHospital</Ind>
      <Ind iri="m:bodyPart">teeth</Ind>
      <Ind iri="h:serviceType">xray</Ind>
      <Ind iri="h:priceRange" type="Integer">350</Ind>
    </Atom>
    <Atom>
      <Rel>medicalExpenses</Rel>
      <Ind iri="h:provider">dallahHospital</Ind>
      <Ind iri="m:bodyPart">teeth</Ind>
      <Ind iri="h:serviceType">surgery</Ind>
      <Ind iri="h:priceRange" type="Integer">2000</Ind>
    </Atom>
  </Assert>
</RuleML>