<?xml version="1.0" encoding="utf-8"?>
<RuleML xmlns:h="http://schema.org/Hospital">
  <Assert>
    <Atom>
        <Rel>Hospitals</Rel>
        <Ind iri="h:url">http://localhost:90/britishSaudiHospital.xml</Ind>
        <Ind iri="h:url">http://localhost:90/binSinaMedicalCenter.xml</Ind>
        <Ind iri="h:url">http://localhost:90/dallahHospital.xml</Ind>
        <Ind iri="h:url">http://localhost:90/medCareHospital.xml</Ind>
        <Ind iri="h:url">http://localhost:90/saudiGermanHospital.xml</Ind>      
    </Atom>
  </Assert>
</RuleML>