
         <Implies>
         <And>
            <Atom>
               <Rel>greaterThanOrEqual</Rel>
               <Var type="Integer">Compensation</Var>
               <Var type="Integer">Price</Var>
            </Atom>
            <Atom>
               <Rel>subtract</Rel>
               <Var type="Integer">Payment</Var>
               <Var type="Integer">Price</Var>
               <Var type="Integer">Price</Var>
            </Atom>
         </And>
         <Atom>
            <Rel>paymentCalculator</Rel>
            <Var type="Integer">Price</Var>
            <Var type="Integer">Compensation</Var>
            <Var type="Integer">Payment</Var>
         </Atom>
      </Implies>
      <Implies>
         <And>
            <Atom>
               <Rel>lessThan</Rel>
               <Var type="Integer">Compensation</Var>
               <Var type="Integer">Price</Var>
            </Atom>
            <Atom>
               <Rel>subtract</Rel>
               <Var type="Integer">Payment</Var>
               <Var type="Integer">Price</Var>
               <Var type="Integer">Compensation</Var>
            </Atom>
         </And>
         <Atom>
            <Rel>paymentCalculator</Rel>
            <Var type="Integer">Price</Var>
            <Var type="Integer">Compensation</Var>
            <Var type="Integer">Payment</Var>
         </Atom>
      </Implies>
      <Implies>
         <And>
            <Atom>
               <Rel>client</Rel>
               <Var>clientMembershipID</Var>
               <Var>ClientName</Var>
               <Var>InsCompany</Var>
               <Var>InsCompanyuri</Var>
               <Var>InsType</Var>
               <Var>Description</Var>
            </Atom>
            <Atom>
               <Rel>partner</Rel>
               <Var>InsCompany</Var>
               <Var>InsCompanyuri</Var>
               <Var>Hospital</Var>
               <Var>Hospitaluri</Var>
            </Atom>
            <Atom>
               <Rel>medicalExpenses</Rel>
               <Var>Hospital</Var>
               <Var>Site</Var>
               <Var>RequiredTreatment</Var>
               <Var>Price</Var>
            </Atom>
            <Atom>
               <Rel>insuranceOffer</Rel>
               <Var>InsCompany</Var>
               <Var>InsType</Var>
               <Var>Site</Var>
               <Var>Compensation</Var>
            </Atom>
            <Atom>
               <Rel>paymentCalculator</Rel>
               <Var>Price</Var>
               <Var>Compensation</Var>
               <Var>Payment</Var>
            </Atom>
         </And>
         <Atom>
            <Rel>costSharingEstimator</Rel>
            <Var>clientMembershipID</Var>
            <slot><Ind>insured</Ind><Var type="Self"/></slot>
            <Var>ClientName</Var>
            <Var>InsCompany</Var>
            <Var>Hospital</Var>
            <Var>Site</Var>
            <Var>RequiredTreatment</Var>
            <Var>Payment</Var>
         </Atom>
      </Implies>

      <Implies>
         <And>
            <Atom>
               <Rel>client</Rel>
                <Var>clientMembershipID</Var>
                <Var>ClientName</Var>
                <Var>InsCompany</Var>
                <Var>InsCompanyuri</Var>
                <Var>InsType</Var>
                <Var>Description</Var>
            </Atom>
            <Atom>
               <Rel>medicalExpenses</Rel>
               <Var>Hospital</Var>
               <Var>Site</Var>
               <Var>RequiredTreatment</Var>
               <Var>Payment</Var>
            </Atom>
         </And>
         <Atom>
            <Rel>costSharingEstimator</Rel>
            <Var>clientMembershipID</Var>
            <slot><Ind>insured</Ind><Var type="NonInsured"/></slot>
            <Var>ClientName</Var>
            <Var>InsCompany</Var>
            <Var>Hospital</Var>
            <Var>Site</Var>
            <Var>RequiredTreatment</Var>
            <Var>Payment</Var>
         </Atom>
      </Implies>

%%%%%check spouse, daughter and son

<Implies closure="universal">
     <And>
      <Atom>
            <Rel>familyMember</Rel>
             <Var>clientMembershipID</Var>
             <Ind>spouse</Ind>
             <Var>gender</Var>
             <Var>name</Var>
             <Var type="Integer">DoB</Var> 
             <Var>MStatus</Var>
          </Atom>
     </And>
      <Atom>
         <Rel>checkFamilyMember</Rel>
         <Var>clientMembershipID</Var>
         <slot><Ind>insured</Ind><Var type="Spouse"/></slot>
         <Var>name</Var>
      </Atom>
 </Implies>



<Implies>
  <And>
    <Atom>
      <Rel>familyMember</Rel>
      <Var>clientMembershipID</Var>
      <Ind>child</Ind>
      <Ind>male</Ind>
      <Var>name</Var>
      <Var type="Integer">DoB</Var>
      <Var>status</Var>
    </Atom>
    <Atom>
      <Rel>subtract</Rel>
      <Var type="Integer">Age</Var>
      <Ind type="Integer">2017</Ind>
      <Var type="Integer">DoB</Var>
    </Atom>
    <Atom>
      <Rel>lessThanOrEqual</Rel>
      <Var type="Integer">Age</Var> 
      <Ind type="Integer">25</Ind>
    </Atom>
  </And>
  <Atom>
    <Rel>checkFamilyMember</Rel>
    <Var>clientMembershipID</Var>
    <slot><Ind>insured</Ind><Var type="Son"/></slot>
    <Var>name</Var>
  </Atom>
</Implies>




<Implies>
     <And>
    <Atom>
         <Rel>familyMember</Rel>
         <Var>clientMembershipID</Var>
         <Ind>child</Ind>
         <Ind>female</Ind>
         <Var>name</Var>
         <Var type="Integer">DoB</Var>
         <Var>status</Var>
    </Atom>

   <Naf> 
    <Atom>
         <Rel>stringEqualIgnoreCase</Rel>
         <Ind>married</Ind>
         <Var>status</Var>
    </Atom>
   </Naf>
</And>

    <Atom>
        <Rel>checkFamilyMember</Rel>
        <Var>clientMembershipID</Var>
	<slot><Ind>insured</Ind><Var type="Daughter"/></slot>
        <Var>name</Var>
    </Atom>
 </Implies>




      <Implies>
         <And>
            <Atom>
               <Rel>client</Rel>
               <Var>clientMembershipID</Var>
               <Var>ClientName</Var>
               <Ind>tawuniya</Ind>
	       <Var>iurl</Var>
               <Var>InsType</Var>
               <Var>cdes</Var>
            </Atom>
            <Atom>
               <Rel>checkFamilyMember</Rel>
               <Var>clientMembershipID</Var>
               <slot><Ind>insured</Ind><Var type="Dependent"/></slot>
               <Var>name</Var>
            </Atom>
            <Atom>
               <Rel>partner</Rel>
               <Ind>tawuniya</Ind>
               <Var>iurl</Var>
               <Var>Hospital</Var>
               <Var>hurl</Var>
            </Atom>
            <Atom>
               <Rel>medicalExpenses</Rel>
               <Var>Hospital</Var>
               <Var>Site</Var>
               <Var>RequiredTreatment</Var>
               <Var type="Integer">Price</Var>
            </Atom>
            <Atom>
               <Rel>insuranceOffer</Rel>
               <Ind>tawuniya</Ind>
               <Var>InsType</Var>
               <Var>Site</Var>
               <Var type="Integer">Compensation</Var>
            </Atom>
            <Atom>
               <Rel>paymentCalculator</Rel>
               <Var type="Integer">Price</Var>
               <Var type="Integer">Compensation</Var>
               <Var type="Integer">Payment</Var>
            </Atom>
         </And>
         <Atom>
            <Rel>costSharingEstimator</Rel>
            <Var>clientMembershipID</Var>            
            <slot><Ind>insured</Ind><Var type="Dependent"/></slot>
            <Var>name</Var>
            <Ind>tawuniya</Ind>
            <Var>Hospital</Var>
            <Var>Site</Var>
            <Var>RequiredTreatment</Var>
            <Var type="Integer">Payment</Var>
         </Atom>
      </Implies>

</And>
</Assert>
</RuleML>

