﻿<?xml version="1.0" encoding="utf-8"?>
<RuleML xmlns:o="http://schema.org/Organization" xmlns:h="http://schema.org/Hospital" xmlns:m="http://health-lifesci.schema.org/MedicalProcedure" xmlns:pm ="http://schema.org/ProgramMembership">
  <Assert>
    <Atom>
      <Rel>insuranceOffer</Rel>
      <Ind iri="o:provider">tawuniya</Ind>
      <Ind iri="pm:programName">silver</Ind>
      <Ind iri="m:bodyPart">teeth</Ind>
      <Ind iri="h:priceRange" type="Integer">1000</Ind>
    </Atom>
    <Atom>
      <Rel>insuranceOffer</Rel>
      <Ind iri="o:provider">tawuniya</Ind>
      <Ind iri="pm:programName">gold</Ind>
      <Ind iri="m:bodyPart">teeth</Ind>
      <Ind iri="h:priceRange" type="Integer">1500</Ind>
    </Atom>
    <Atom>
      <Rel>insuranceOffer</Rel>
      <Ind iri="o:provider">tawuniya</Ind>
      <Ind iri="pm:programName">platinum</Ind>
      <Ind iri="m:bodyPart">teeth</Ind>
      <Ind iri="h:priceRange" type="Integer">2000</Ind>
    </Atom>
    <Atom>
      <Rel>insuranceOffer</Rel>
      <Ind iri="o:provider">tawuniya</Ind>
      <Ind iri="pm:programName">diamond</Ind>
      <Ind iri="m:bodyPart">teeth</Ind>
      <Ind iri="h:priceRange" type="Integer">2500</Ind>
    </Atom>
    <Atom>
      <Rel>partner</Rel>
      <Ind iri="o:legalName">tawuniya</Ind>
      <Ind iri="o:url">http://localhost:90/tawuniya.xml</Ind>
      <Ind iri="h:legalName">saudiGermanHospital</Ind>
      <Ind iri="h:url">http://localhost:90/saudiGermanHospital.xml</Ind>
    </Atom>
    <Atom>
      <Rel>partner</Rel>
      <Ind iri="o:legalName">tawuniya</Ind>
      <Ind iri="o:url">http://localhost:90/tawuniya.xml</Ind>
      <Ind iri="h:legalName">britishSaudiHospital</Ind> 
      <Ind iri="h:url">http://localhost:90/britishSaudiHospital.xml</Ind>
    </Atom>
    <Atom>
      <Rel>partner</Rel>
      <Ind iri="o:legalName">tawuniya</Ind>
      <Ind iri="o:url">http://localhost:90/tawuniya.xml</Ind>
      <Ind iri="h:legalName">dallahHospital</Ind>
      <Ind iri="h:url">http://localhost:90/dallahHospital.xml</Ind>
    </Atom>
  </Assert>
</RuleML>